State,Correlation,P_Value,Sample_Size,Significant
0.6131798995178588,0.6131798995178588,2.2011850063013216e-06,50,True
0.6114935396871357,0.6114935396871357,1.1582488637924232e-08,72,True
0.605,0.605,1.3485749596416174e-09,51,True
